"collection_id","username","sample_id","captured_at","gps_text","wifi_count","bssid","ssid","rssi_dbm","frequency_mhz","channel","band","security","wifi_standard"
"dc47c3cd-340b-4a0a-8957-43ecc47e7861","akmtrip","d0fc59f4-fe82-48ba-96fb-e2d7a638df02","2026-04-03 14:34:46","Lat: 13.740528984165593, Lng: 100.60976429625138, Accuracy: 13.741884m","3","de:0d:17:32:1c:8d","Thai Health Product","-57","5200","40","5 GHz","[WPA2-PSK+FT/PSK-CCMP][RSN-PSK+FT/PSK-CCMP][K][V][R][ESS][WPS]","Unknown"
"dc47c3cd-340b-4a0a-8957-43ecc47e7861","akmtrip","d0fc59f4-fe82-48ba-96fb-e2d7a638df02","2026-04-03 14:34:46","Lat: 13.740528984165593, Lng: 100.60976429625138, Accuracy: 13.741884m","3","de:0d:17:32:1c:8c","Thai Health Product","-65","2432","5","2.4 GHz","[WPA2-PSK+FT/PSK-CCMP][RSN-PSK+FT/PSK-CCMP][K][V][R][ESS][WPS]","Unknown"
"dc47c3cd-340b-4a0a-8957-43ecc47e7861","akmtrip","d0fc59f4-fe82-48ba-96fb-e2d7a638df02","2026-04-03 14:34:46","Lat: 13.740528984165593, Lng: 100.60976429625138, Accuracy: 13.741884m","3","cc:05:77:d1:5c:50","THP_2.4G","-86","2412","1","2.4 GHz","[WPA2-PSK-CCMP+TKIP][RSN-PSK-CCMP+TKIP][K][V][WPA-PSK-CCMP+TKIP][K][V][ESS][WPS]","Unknown"
"dc47c3cd-340b-4a0a-8957-43ecc47e7861","akmtrip","b8c071bf-523a-4664-85bf-7916f755cb7b","2026-04-03 14:34:47","Lat: 13.740493860851664, Lng: 100.60980035055597, Accuracy: 4.9m","3","de:0d:17:32:1c:8d","Thai Health Product","-57","5200","40","5 GHz","[WPA2-PSK+FT/PSK-CCMP][RSN-PSK+FT/PSK-CCMP][K][V][R][ESS][WPS]","Unknown"
"dc47c3cd-340b-4a0a-8957-43ecc47e7861","akmtrip","b8c071bf-523a-4664-85bf-7916f755cb7b","2026-04-03 14:34:47","Lat: 13.740493860851664, Lng: 100.60980035055597, Accuracy: 4.9m","3","de:0d:17:32:1c:8c","Thai Health Product","-65","2432","5","2.4 GHz","[WPA2-PSK+FT/PSK-CCMP][RSN-PSK+FT/PSK-CCMP][K][V][R][ESS][WPS]","Unknown"
"dc47c3cd-340b-4a0a-8957-43ecc47e7861","akmtrip","b8c071bf-523a-4664-85bf-7916f755cb7b","2026-04-03 14:34:47","Lat: 13.740493860851664, Lng: 100.60980035055597, Accuracy: 4.9m","3","cc:05:77:d1:5c:50","THP_2.4G","-86","2412","1","2.4 GHz","[WPA2-PSK-CCMP+TKIP][RSN-PSK-CCMP+TKIP][K][V][WPA-PSK-CCMP+TKIP][K][V][ESS][WPS]","Unknown"
"dc47c3cd-340b-4a0a-8957-43ecc47e7861","akmtrip","3a318b1a-907f-48fb-a3bb-94f9b7d67464","2026-04-03 14:34:48","Lat: 13.740496762925025, Lng: 100.60980186594786, Accuracy: 4.9m","3","de:0d:17:32:1c:8d","Thai Health Product","-57","5200","40","5 GHz","[WPA2-PSK+FT/PSK-CCMP][RSN-PSK+FT/PSK-CCMP][K][V][R][ESS][WPS]","Unknown"
"dc47c3cd-340b-4a0a-8957-43ecc47e7861","akmtrip","3a318b1a-907f-48fb-a3bb-94f9b7d67464","2026-04-03 14:34:48","Lat: 13.740496762925025, Lng: 100.60980186594786, Accuracy: 4.9m","3","de:0d:17:32:1c:8c","Thai Health Product","-65","2432","5","2.4 GHz","[WPA2-PSK+FT/PSK-CCMP][RSN-PSK+FT/PSK-CCMP][K][V][R][ESS][WPS]","Unknown"
"dc47c3cd-340b-4a0a-8957-43ecc47e7861","akmtrip","3a318b1a-907f-48fb-a3bb-94f9b7d67464","2026-04-03 14:34:48","Lat: 13.740496762925025, Lng: 100.60980186594786, Accuracy: 4.9m","3","cc:05:77:d1:5c:50","THP_2.4G","-86","2412","1","2.4 GHz","[WPA2-PSK-CCMP+TKIP][RSN-PSK-CCMP+TKIP][K][V][WPA-PSK-CCMP+TKIP][K][V][ESS][WPS]","Unknown"
"dc47c3cd-340b-4a0a-8957-43ecc47e7861","akmtrip","dad7a108-39f9-4c26-a9e8-f3d411bdf043","2026-04-03 14:34:49","Lat: 13.740501485608306, Lng: 100.60980248376312, Accuracy: 4.9m","3","de:0d:17:32:1c:8d","Thai Health Product","-57","5200","40","5 GHz","[WPA2-PSK+FT/PSK-CCMP][RSN-PSK+FT/PSK-CCMP][K][V][R][ESS][WPS]","Unknown"
"dc47c3cd-340b-4a0a-8957-43ecc47e7861","akmtrip","dad7a108-39f9-4c26-a9e8-f3d411bdf043","2026-04-03 14:34:49","Lat: 13.740501485608306, Lng: 100.60980248376312, Accuracy: 4.9m","3","de:0d:17:32:1c:8c","Thai Health Product","-65","2432","5","2.4 GHz","[WPA2-PSK+FT/PSK-CCMP][RSN-PSK+FT/PSK-CCMP][K][V][R][ESS][WPS]","Unknown"
"dc47c3cd-340b-4a0a-8957-43ecc47e7861","akmtrip","dad7a108-39f9-4c26-a9e8-f3d411bdf043","2026-04-03 14:34:49","Lat: 13.740501485608306, Lng: 100.60980248376312, Accuracy: 4.9m","3","cc:05:77:d1:5c:50","THP_2.4G","-86","2412","1","2.4 GHz","[WPA2-PSK-CCMP+TKIP][RSN-PSK-CCMP+TKIP][K][V][WPA-PSK-CCMP+TKIP][K][V][ESS][WPS]","Unknown"
"dc47c3cd-340b-4a0a-8957-43ecc47e7861","akmtrip","de4c5a08-e475-4f45-b987-1fde226f4054","2026-04-03 14:34:50","Lat: 13.740503410490192, Lng: 100.60980168922914, Accuracy: 4.9m","3","de:0d:17:32:1c:8d","Thai Health Product","-57","5200","40","5 GHz","[WPA2-PSK+FT/PSK-CCMP][RSN-PSK+FT/PSK-CCMP][K][V][R][ESS][WPS]","Unknown"
"dc47c3cd-340b-4a0a-8957-43ecc47e7861","akmtrip","de4c5a08-e475-4f45-b987-1fde226f4054","2026-04-03 14:34:50","Lat: 13.740503410490192, Lng: 100.60980168922914, Accuracy: 4.9m","3","de:0d:17:32:1c:8c","Thai Health Product","-65","2432","5","2.4 GHz","[WPA2-PSK+FT/PSK-CCMP][RSN-PSK+FT/PSK-CCMP][K][V][R][ESS][WPS]","Unknown"
"dc47c3cd-340b-4a0a-8957-43ecc47e7861","akmtrip","de4c5a08-e475-4f45-b987-1fde226f4054","2026-04-03 14:34:50","Lat: 13.740503410490192, Lng: 100.60980168922914, Accuracy: 4.9m","3","cc:05:77:d1:5c:50","THP_2.4G","-86","2412","1","2.4 GHz","[WPA2-PSK-CCMP+TKIP][RSN-PSK-CCMP+TKIP][K][V][WPA-PSK-CCMP+TKIP][K][V][ESS][WPS]","Unknown"
"dc47c3cd-340b-4a0a-8957-43ecc47e7861","akmtrip","34093544-5f7c-430c-81b1-4dbb261c8769","2026-04-03 14:34:51","Lat: 13.740505962079723, Lng: 100.60980140638479, Accuracy: 4.9m","3","de:0d:17:32:1c:8d","Thai Health Product","-57","5200","40","5 GHz","[WPA2-PSK+FT/PSK-CCMP][RSN-PSK+FT/PSK-CCMP][K][V][R][ESS][WPS]","Unknown"
"dc47c3cd-340b-4a0a-8957-43ecc47e7861","akmtrip","34093544-5f7c-430c-81b1-4dbb261c8769","2026-04-03 14:34:51","Lat: 13.740505962079723, Lng: 100.60980140638479, Accuracy: 4.9m","3","de:0d:17:32:1c:8c","Thai Health Product","-65","2432","5","2.4 GHz","[WPA2-PSK+FT/PSK-CCMP][RSN-PSK+FT/PSK-CCMP][K][V][R][ESS][WPS]","Unknown"
"dc47c3cd-340b-4a0a-8957-43ecc47e7861","akmtrip","34093544-5f7c-430c-81b1-4dbb261c8769","2026-04-03 14:34:51","Lat: 13.740505962079723, Lng: 100.60980140638479, Accuracy: 4.9m","3","cc:05:77:d1:5c:50","THP_2.4G","-86","2412","1","2.4 GHz","[WPA2-PSK-CCMP+TKIP][RSN-PSK-CCMP+TKIP][K][V][WPA-PSK-CCMP+TKIP][K][V][ESS][WPS]","Unknown"
"dc47c3cd-340b-4a0a-8957-43ecc47e7861","akmtrip","5427643d-066a-4815-818b-8dc55b74e0a8","2026-04-03 14:34:52","Lat: 13.740508616612841, Lng: 100.60980227555795, Accuracy: 4.9m","3","de:0d:17:32:1c:8d","Thai Health Product","-57","5200","40","5 GHz","[WPA2-PSK+FT/PSK-CCMP][RSN-PSK+FT/PSK-CCMP][K][V][R][ESS][WPS]","Unknown"
"dc47c3cd-340b-4a0a-8957-43ecc47e7861","akmtrip","5427643d-066a-4815-818b-8dc55b74e0a8","2026-04-03 14:34:52","Lat: 13.740508616612841, Lng: 100.60980227555795, Accuracy: 4.9m","3","de:0d:17:32:1c:8c","Thai Health Product","-65","2432","5","2.4 GHz","[WPA2-PSK+FT/PSK-CCMP][RSN-PSK+FT/PSK-CCMP][K][V][R][ESS][WPS]","Unknown"
"dc47c3cd-340b-4a0a-8957-43ecc47e7861","akmtrip","5427643d-066a-4815-818b-8dc55b74e0a8","2026-04-03 14:34:52","Lat: 13.740508616612841, Lng: 100.60980227555795, Accuracy: 4.9m","3","cc:05:77:d1:5c:50","THP_2.4G","-86","2412","1","2.4 GHz","[WPA2-PSK-CCMP+TKIP][RSN-PSK-CCMP+TKIP][K][V][WPA-PSK-CCMP+TKIP][K][V][ESS][WPS]","Unknown"
"dc47c3cd-340b-4a0a-8957-43ecc47e7861","akmtrip","e98a195a-5579-41b2-b654-c01eb0776ae8","2026-04-03 14:34:53","Lat: 13.740512937132921, Lng: 100.60980138869945, Accuracy: 4.9m","3","de:0d:17:32:1c:8d","Thai Health Product","-57","5200","40","5 GHz","[WPA2-PSK+FT/PSK-CCMP][RSN-PSK+FT/PSK-CCMP][K][V][R][ESS][WPS]","Unknown"
"dc47c3cd-340b-4a0a-8957-43ecc47e7861","akmtrip","e98a195a-5579-41b2-b654-c01eb0776ae8","2026-04-03 14:34:53","Lat: 13.740512937132921, Lng: 100.60980138869945, Accuracy: 4.9m","3","de:0d:17:32:1c:8c","Thai Health Product","-65","2432","5","2.4 GHz","[WPA2-PSK+FT/PSK-CCMP][RSN-PSK+FT/PSK-CCMP][K][V][R][ESS][WPS]","Unknown"
"dc47c3cd-340b-4a0a-8957-43ecc47e7861","akmtrip","e98a195a-5579-41b2-b654-c01eb0776ae8","2026-04-03 14:34:53","Lat: 13.740512937132921, Lng: 100.60980138869945, Accuracy: 4.9m","3","cc:05:77:d1:5c:50","THP_2.4G","-86","2412","1","2.4 GHz","[WPA2-PSK-CCMP+TKIP][RSN-PSK-CCMP+TKIP][K][V][WPA-PSK-CCMP+TKIP][K][V][ESS][WPS]","Unknown"
"dc47c3cd-340b-4a0a-8957-43ecc47e7861","akmtrip","eb5d3d2f-7fc8-49d7-a800-e27489c53f49","2026-04-03 14:34:54","Lat: 13.740514694100948, Lng: 100.60979904270755, Accuracy: 4.9m","3","de:0d:17:32:1c:8d","Thai Health Product","-57","5200","40","5 GHz","[WPA2-PSK+FT/PSK-CCMP][RSN-PSK+FT/PSK-CCMP][K][V][R][ESS][WPS]","Unknown"
"dc47c3cd-340b-4a0a-8957-43ecc47e7861","akmtrip","eb5d3d2f-7fc8-49d7-a800-e27489c53f49","2026-04-03 14:34:54","Lat: 13.740514694100948, Lng: 100.60979904270755, Accuracy: 4.9m","3","de:0d:17:32:1c:8c","Thai Health Product","-65","2432","5","2.4 GHz","[WPA2-PSK+FT/PSK-CCMP][RSN-PSK+FT/PSK-CCMP][K][V][R][ESS][WPS]","Unknown"
"dc47c3cd-340b-4a0a-8957-43ecc47e7861","akmtrip","eb5d3d2f-7fc8-49d7-a800-e27489c53f49","2026-04-03 14:34:54","Lat: 13.740514694100948, Lng: 100.60979904270755, Accuracy: 4.9m","3","cc:05:77:d1:5c:50","THP_2.4G","-86","2412","1","2.4 GHz","[WPA2-PSK-CCMP+TKIP][RSN-PSK-CCMP+TKIP][K][V][WPA-PSK-CCMP+TKIP][K][V][ESS][WPS]","Unknown"
"dc47c3cd-340b-4a0a-8957-43ecc47e7861","akmtrip","c2cc97dd-4140-452d-bff5-1064e594ef67","2026-04-03 14:34:55","Lat: 13.740516743330646, Lng: 100.60979776266379, Accuracy: 4.833108m","3","de:0d:17:32:1c:8d","Thai Health Product","-57","5200","40","5 GHz","[WPA2-PSK+FT/PSK-CCMP][RSN-PSK+FT/PSK-CCMP][K][V][R][ESS][WPS]","Unknown"
"dc47c3cd-340b-4a0a-8957-43ecc47e7861","akmtrip","c2cc97dd-4140-452d-bff5-1064e594ef67","2026-04-03 14:34:55","Lat: 13.740516743330646, Lng: 100.60979776266379, Accuracy: 4.833108m","3","de:0d:17:32:1c:8c","Thai Health Product","-65","2432","5","2.4 GHz","[WPA2-PSK+FT/PSK-CCMP][RSN-PSK+FT/PSK-CCMP][K][V][R][ESS][WPS]","Unknown"
"dc47c3cd-340b-4a0a-8957-43ecc47e7861","akmtrip","c2cc97dd-4140-452d-bff5-1064e594ef67","2026-04-03 14:34:55","Lat: 13.740516743330646, Lng: 100.60979776266379, Accuracy: 4.833108m","3","cc:05:77:d1:5c:50","THP_2.4G","-86","2412","1","2.4 GHz","[WPA2-PSK-CCMP+TKIP][RSN-PSK-CCMP+TKIP][K][V][WPA-PSK-CCMP+TKIP][K][V][ESS][WPS]","Unknown"
"dc47c3cd-340b-4a0a-8957-43ecc47e7861","akmtrip","efe90d39-d2c6-4685-8de6-5a69fdcd6281","2026-04-03 14:34:56","Lat: 13.740517915191639, Lng: 100.60979684347498, Accuracy: 4.7540364m","3","de:0d:17:32:1c:8d","Thai Health Product","-57","5200","40","5 GHz","[WPA2-PSK+FT/PSK-CCMP][RSN-PSK+FT/PSK-CCMP][K][V][R][ESS][WPS]","Unknown"
"dc47c3cd-340b-4a0a-8957-43ecc47e7861","akmtrip","efe90d39-d2c6-4685-8de6-5a69fdcd6281","2026-04-03 14:34:56","Lat: 13.740517915191639, Lng: 100.60979684347498, Accuracy: 4.7540364m","3","de:0d:17:32:1c:8c","Thai Health Product","-65","2432","5","2.4 GHz","[WPA2-PSK+FT/PSK-CCMP][RSN-PSK+FT/PSK-CCMP][K][V][R][ESS][WPS]","Unknown"
"dc47c3cd-340b-4a0a-8957-43ecc47e7861","akmtrip","efe90d39-d2c6-4685-8de6-5a69fdcd6281","2026-04-03 14:34:56","Lat: 13.740517915191639, Lng: 100.60979684347498, Accuracy: 4.7540364m","3","cc:05:77:d1:5c:50","THP_2.4G","-86","2412","1","2.4 GHz","[WPA2-PSK-CCMP+TKIP][RSN-PSK-CCMP+TKIP][K][V][WPA-PSK-CCMP+TKIP][K][V][ESS][WPS]","Unknown"
"dc47c3cd-340b-4a0a-8957-43ecc47e7861","akmtrip","4972cc67-561c-4204-86c5-2197e8dcffb8","2026-04-03 14:34:57","Lat: 13.740514478901469, Lng: 100.60979477403558, Accuracy: 4.6974545m","3","de:0d:17:32:1c:8d","Thai Health Product","-57","5200","40","5 GHz","[WPA2-PSK+FT/PSK-CCMP][RSN-PSK+FT/PSK-CCMP][K][V][R][ESS][WPS]","Unknown"
"dc47c3cd-340b-4a0a-8957-43ecc47e7861","akmtrip","4972cc67-561c-4204-86c5-2197e8dcffb8","2026-04-03 14:34:57","Lat: 13.740514478901469, Lng: 100.60979477403558, Accuracy: 4.6974545m","3","de:0d:17:32:1c:8c","Thai Health Product","-65","2432","5","2.4 GHz","[WPA2-PSK+FT/PSK-CCMP][RSN-PSK+FT/PSK-CCMP][K][V][R][ESS][WPS]","Unknown"
"dc47c3cd-340b-4a0a-8957-43ecc47e7861","akmtrip","4972cc67-561c-4204-86c5-2197e8dcffb8","2026-04-03 14:34:57","Lat: 13.740514478901469, Lng: 100.60979477403558, Accuracy: 4.6974545m","3","cc:05:77:d1:5c:50","THP_2.4G","-86","2412","1","2.4 GHz","[WPA2-PSK-CCMP+TKIP][RSN-PSK-CCMP+TKIP][K][V][WPA-PSK-CCMP+TKIP][K][V][ESS][WPS]","Unknown"
"dc47c3cd-340b-4a0a-8957-43ecc47e7861","akmtrip","f29c399f-d70a-410b-9dc1-9d4bcee329da","2026-04-03 14:34:58","Lat: 13.74051120745818, Lng: 100.60979134571541, Accuracy: 4.6111603m","3","de:0d:17:32:1c:8d","Thai Health Product","-57","5200","40","5 GHz","[WPA2-PSK+FT/PSK-CCMP][RSN-PSK+FT/PSK-CCMP][K][V][R][ESS][WPS]","Unknown"
"dc47c3cd-340b-4a0a-8957-43ecc47e7861","akmtrip","f29c399f-d70a-410b-9dc1-9d4bcee329da","2026-04-03 14:34:58","Lat: 13.74051120745818, Lng: 100.60979134571541, Accuracy: 4.6111603m","3","de:0d:17:32:1c:8c","Thai Health Product","-65","2432","5","2.4 GHz","[WPA2-PSK+FT/PSK-CCMP][RSN-PSK+FT/PSK-CCMP][K][V][R][ESS][WPS]","Unknown"
"dc47c3cd-340b-4a0a-8957-43ecc47e7861","akmtrip","f29c399f-d70a-410b-9dc1-9d4bcee329da","2026-04-03 14:34:58","Lat: 13.74051120745818, Lng: 100.60979134571541, Accuracy: 4.6111603m","3","cc:05:77:d1:5c:50","THP_2.4G","-86","2412","1","2.4 GHz","[WPA2-PSK-CCMP+TKIP][RSN-PSK-CCMP+TKIP][K][V][WPA-PSK-CCMP+TKIP][K][V][ESS][WPS]","Unknown"
"dc47c3cd-340b-4a0a-8957-43ecc47e7861","akmtrip","91476758-7a82-4ce8-8790-9e2add49e97e","2026-04-03 14:34:59","Lat: 13.740503795901502, Lng: 100.60979466635503, Accuracy: 4.3662004m","3","de:0d:17:32:1c:8d","Thai Health Product","-57","5200","40","5 GHz","[WPA2-PSK+FT/PSK-CCMP][RSN-PSK+FT/PSK-CCMP][K][V][R][ESS][WPS]","Unknown"
"dc47c3cd-340b-4a0a-8957-43ecc47e7861","akmtrip","91476758-7a82-4ce8-8790-9e2add49e97e","2026-04-03 14:34:59","Lat: 13.740503795901502, Lng: 100.60979466635503, Accuracy: 4.3662004m","3","de:0d:17:32:1c:8c","Thai Health Product","-65","2432","5","2.4 GHz","[WPA2-PSK+FT/PSK-CCMP][RSN-PSK+FT/PSK-CCMP][K][V][R][ESS][WPS]","Unknown"
"dc47c3cd-340b-4a0a-8957-43ecc47e7861","akmtrip","91476758-7a82-4ce8-8790-9e2add49e97e","2026-04-03 14:34:59","Lat: 13.740503795901502, Lng: 100.60979466635503, Accuracy: 4.3662004m","3","cc:05:77:d1:5c:50","THP_2.4G","-86","2412","1","2.4 GHz","[WPA2-PSK-CCMP+TKIP][RSN-PSK-CCMP+TKIP][K][V][WPA-PSK-CCMP+TKIP][K][V][ESS][WPS]","Unknown"
"dc47c3cd-340b-4a0a-8957-43ecc47e7861","akmtrip","1d9e53fa-d6ee-4db5-bbba-671a453fe1c9","2026-04-03 14:35:00","Lat: 13.740504967988025, Lng: 100.6097920176131, Accuracy: 4.1538167m","3","de:0d:17:32:1c:8d","Thai Health Product","-57","5200","40","5 GHz","[WPA2-PSK+FT/PSK-CCMP][RSN-PSK+FT/PSK-CCMP][K][V][R][ESS][WPS]","Unknown"
"dc47c3cd-340b-4a0a-8957-43ecc47e7861","akmtrip","1d9e53fa-d6ee-4db5-bbba-671a453fe1c9","2026-04-03 14:35:00","Lat: 13.740504967988025, Lng: 100.6097920176131, Accuracy: 4.1538167m","3","de:0d:17:32:1c:8c","Thai Health Product","-65","2432","5","2.4 GHz","[WPA2-PSK+FT/PSK-CCMP][RSN-PSK+FT/PSK-CCMP][K][V][R][ESS][WPS]","Unknown"
"dc47c3cd-340b-4a0a-8957-43ecc47e7861","akmtrip","1d9e53fa-d6ee-4db5-bbba-671a453fe1c9","2026-04-03 14:35:00","Lat: 13.740504967988025, Lng: 100.6097920176131, Accuracy: 4.1538167m","3","cc:05:77:d1:5c:50","THP_2.4G","-86","2412","1","2.4 GHz","[WPA2-PSK-CCMP+TKIP][RSN-PSK-CCMP+TKIP][K][V][WPA-PSK-CCMP+TKIP][K][V][ESS][WPS]","Unknown"
"dc47c3cd-340b-4a0a-8957-43ecc47e7861","akmtrip","10f19b1a-41be-4a60-8e29-319338bd70a8","2026-04-03 14:35:01","Lat: 13.740504523107061, Lng: 100.60979029652118, Accuracy: 3.936837m","3","de:0d:17:32:1c:8d","Thai Health Product","-57","5200","40","5 GHz","[WPA2-PSK+FT/PSK-CCMP][RSN-PSK+FT/PSK-CCMP][K][V][R][ESS][WPS]","Unknown"
"dc47c3cd-340b-4a0a-8957-43ecc47e7861","akmtrip","10f19b1a-41be-4a60-8e29-319338bd70a8","2026-04-03 14:35:01","Lat: 13.740504523107061, Lng: 100.60979029652118, Accuracy: 3.936837m","3","de:0d:17:32:1c:8c","Thai Health Product","-65","2432","5","2.4 GHz","[WPA2-PSK+FT/PSK-CCMP][RSN-PSK+FT/PSK-CCMP][K][V][R][ESS][WPS]","Unknown"
"dc47c3cd-340b-4a0a-8957-43ecc47e7861","akmtrip","10f19b1a-41be-4a60-8e29-319338bd70a8","2026-04-03 14:35:01","Lat: 13.740504523107061, Lng: 100.60979029652118, Accuracy: 3.936837m","3","cc:05:77:d1:5c:50","THP_2.4G","-86","2412","1","2.4 GHz","[WPA2-PSK-CCMP+TKIP][RSN-PSK-CCMP+TKIP][K][V][WPA-PSK-CCMP+TKIP][K][V][ESS][WPS]","Unknown"
"dc47c3cd-340b-4a0a-8957-43ecc47e7861","akmtrip","1824712a-5aa8-4d2e-8fd6-89696cea73db","2026-04-03 14:35:02","Lat: 13.74050350997154, Lng: 100.60979105292422, Accuracy: 3.7719183m","3","de:0d:17:32:1c:8d","Thai Health Product","-57","5200","40","5 GHz","[WPA2-PSK+FT/PSK-CCMP][RSN-PSK+FT/PSK-CCMP][K][V][R][ESS][WPS]","Unknown"
"dc47c3cd-340b-4a0a-8957-43ecc47e7861","akmtrip","1824712a-5aa8-4d2e-8fd6-89696cea73db","2026-04-03 14:35:02","Lat: 13.74050350997154, Lng: 100.60979105292422, Accuracy: 3.7719183m","3","de:0d:17:32:1c:8c","Thai Health Product","-65","2432","5","2.4 GHz","[WPA2-PSK+FT/PSK-CCMP][RSN-PSK+FT/PSK-CCMP][K][V][R][ESS][WPS]","Unknown"
"dc47c3cd-340b-4a0a-8957-43ecc47e7861","akmtrip","1824712a-5aa8-4d2e-8fd6-89696cea73db","2026-04-03 14:35:02","Lat: 13.74050350997154, Lng: 100.60979105292422, Accuracy: 3.7719183m","3","cc:05:77:d1:5c:50","THP_2.4G","-86","2412","1","2.4 GHz","[WPA2-PSK-CCMP+TKIP][RSN-PSK-CCMP+TKIP][K][V][WPA-PSK-CCMP+TKIP][K][V][ESS][WPS]","Unknown"
"dc47c3cd-340b-4a0a-8957-43ecc47e7861","akmtrip","54d93092-07f4-41db-9b78-f790c187d178","2026-04-03 14:35:03","Lat: 13.740504541834868, Lng: 100.60979174302534, Accuracy: 3.7928023m","3","de:0d:17:32:1c:8d","Thai Health Product","-57","5200","40","5 GHz","[WPA2-PSK+FT/PSK-CCMP][RSN-PSK+FT/PSK-CCMP][K][V][R][ESS][WPS]","Unknown"
"dc47c3cd-340b-4a0a-8957-43ecc47e7861","akmtrip","54d93092-07f4-41db-9b78-f790c187d178","2026-04-03 14:35:03","Lat: 13.740504541834868, Lng: 100.60979174302534, Accuracy: 3.7928023m","3","de:0d:17:32:1c:8c","Thai Health Product","-65","2432","5","2.4 GHz","[WPA2-PSK+FT/PSK-CCMP][RSN-PSK+FT/PSK-CCMP][K][V][R][ESS][WPS]","Unknown"
"dc47c3cd-340b-4a0a-8957-43ecc47e7861","akmtrip","54d93092-07f4-41db-9b78-f790c187d178","2026-04-03 14:35:03","Lat: 13.740504541834868, Lng: 100.60979174302534, Accuracy: 3.7928023m","3","cc:05:77:d1:5c:50","THP_2.4G","-86","2412","1","2.4 GHz","[WPA2-PSK-CCMP+TKIP][RSN-PSK-CCMP+TKIP][K][V][WPA-PSK-CCMP+TKIP][K][V][ESS][WPS]","Unknown"
"dc47c3cd-340b-4a0a-8957-43ecc47e7861","akmtrip","477a3f66-4b60-499a-a884-a263498f7a7a","2026-04-03 14:35:04","Lat: 13.740508830539936, Lng: 100.60979072148652, Accuracy: 3.874075m","3","de:0d:17:32:1c:8d","Thai Health Product","-57","5200","40","5 GHz","[WPA2-PSK+FT/PSK-CCMP][RSN-PSK+FT/PSK-CCMP][K][V][R][ESS][WPS]","Unknown"
"dc47c3cd-340b-4a0a-8957-43ecc47e7861","akmtrip","477a3f66-4b60-499a-a884-a263498f7a7a","2026-04-03 14:35:04","Lat: 13.740508830539936, Lng: 100.60979072148652, Accuracy: 3.874075m","3","de:0d:17:32:1c:8c","Thai Health Product","-65","2432","5","2.4 GHz","[WPA2-PSK+FT/PSK-CCMP][RSN-PSK+FT/PSK-CCMP][K][V][R][ESS][WPS]","Unknown"
"dc47c3cd-340b-4a0a-8957-43ecc47e7861","akmtrip","477a3f66-4b60-499a-a884-a263498f7a7a","2026-04-03 14:35:04","Lat: 13.740508830539936, Lng: 100.60979072148652, Accuracy: 3.874075m","3","cc:05:77:d1:5c:50","THP_2.4G","-86","2412","1","2.4 GHz","[WPA2-PSK-CCMP+TKIP][RSN-PSK-CCMP+TKIP][K][V][WPA-PSK-CCMP+TKIP][K][V][ESS][WPS]","Unknown"
"dc47c3cd-340b-4a0a-8957-43ecc47e7861","akmtrip","f6934845-2c85-401a-b222-16929f2f63af","2026-04-03 14:35:05","Lat: 13.7405129516129, Lng: 100.60978801075414, Accuracy: 3.829024m","3","de:0d:17:32:1c:8d","Thai Health Product","-57","5200","40","5 GHz","[WPA2-PSK+FT/PSK-CCMP][RSN-PSK+FT/PSK-CCMP][K][V][R][ESS][WPS]","Unknown"
"dc47c3cd-340b-4a0a-8957-43ecc47e7861","akmtrip","f6934845-2c85-401a-b222-16929f2f63af","2026-04-03 14:35:05","Lat: 13.7405129516129, Lng: 100.60978801075414, Accuracy: 3.829024m","3","de:0d:17:32:1c:8c","Thai Health Product","-65","2432","5","2.4 GHz","[WPA2-PSK+FT/PSK-CCMP][RSN-PSK+FT/PSK-CCMP][K][V][R][ESS][WPS]","Unknown"
"dc47c3cd-340b-4a0a-8957-43ecc47e7861","akmtrip","f6934845-2c85-401a-b222-16929f2f63af","2026-04-03 14:35:05","Lat: 13.7405129516129, Lng: 100.60978801075414, Accuracy: 3.829024m","3","cc:05:77:d1:5c:50","THP_2.4G","-86","2412","1","2.4 GHz","[WPA2-PSK-CCMP+TKIP][RSN-PSK-CCMP+TKIP][K][V][WPA-PSK-CCMP+TKIP][K][V][ESS][WPS]","Unknown"
"dc47c3cd-340b-4a0a-8957-43ecc47e7861","akmtrip","2c50b202-6c2e-4e8b-8951-018b218c8d44","2026-04-03 14:35:06","Lat: 13.740516207227028, Lng: 100.60978641823682, Accuracy: 3.7899232m","3","de:0d:17:32:1c:8d","Thai Health Product","-57","5200","40","5 GHz","[WPA2-PSK+FT/PSK-CCMP][RSN-PSK+FT/PSK-CCMP][K][V][R][ESS][WPS]","Unknown"
"dc47c3cd-340b-4a0a-8957-43ecc47e7861","akmtrip","2c50b202-6c2e-4e8b-8951-018b218c8d44","2026-04-03 14:35:06","Lat: 13.740516207227028, Lng: 100.60978641823682, Accuracy: 3.7899232m","3","de:0d:17:32:1c:8c","Thai Health Product","-65","2432","5","2.4 GHz","[WPA2-PSK+FT/PSK-CCMP][RSN-PSK+FT/PSK-CCMP][K][V][R][ESS][WPS]","Unknown"
"dc47c3cd-340b-4a0a-8957-43ecc47e7861","akmtrip","2c50b202-6c2e-4e8b-8951-018b218c8d44","2026-04-03 14:35:06","Lat: 13.740516207227028, Lng: 100.60978641823682, Accuracy: 3.7899232m","3","cc:05:77:d1:5c:50","THP_2.4G","-86","2412","1","2.4 GHz","[WPA2-PSK-CCMP+TKIP][RSN-PSK-CCMP+TKIP][K][V][WPA-PSK-CCMP+TKIP][K][V][ESS][WPS]","Unknown"
"dc47c3cd-340b-4a0a-8957-43ecc47e7861","akmtrip","a60b04b9-5c88-4862-854b-8c9260751202","2026-04-03 14:35:07","Lat: 13.740520265373695, Lng: 100.609785630106, Accuracy: 3.7870848m","3","de:0d:17:32:1c:8d","Thai Health Product","-57","5200","40","5 GHz","[WPA2-PSK+FT/PSK-CCMP][RSN-PSK+FT/PSK-CCMP][K][V][R][ESS][WPS]","Unknown"
"dc47c3cd-340b-4a0a-8957-43ecc47e7861","akmtrip","a60b04b9-5c88-4862-854b-8c9260751202","2026-04-03 14:35:07","Lat: 13.740520265373695, Lng: 100.609785630106, Accuracy: 3.7870848m","3","de:0d:17:32:1c:8c","Thai Health Product","-65","2432","5","2.4 GHz","[WPA2-PSK+FT/PSK-CCMP][RSN-PSK+FT/PSK-CCMP][K][V][R][ESS][WPS]","Unknown"
"dc47c3cd-340b-4a0a-8957-43ecc47e7861","akmtrip","a60b04b9-5c88-4862-854b-8c9260751202","2026-04-03 14:35:07","Lat: 13.740520265373695, Lng: 100.609785630106, Accuracy: 3.7870848m","3","cc:05:77:d1:5c:50","THP_2.4G","-86","2412","1","2.4 GHz","[WPA2-PSK-CCMP+TKIP][RSN-PSK-CCMP+TKIP][K][V][WPA-PSK-CCMP+TKIP][K][V][ESS][WPS]","Unknown"
"dc47c3cd-340b-4a0a-8957-43ecc47e7861","akmtrip","a6c8ff88-1d70-4eec-addd-1c8c21f55ac7","2026-04-03 14:35:08","Lat: 13.740524109489288, Lng: 100.60978555810328, Accuracy: 3.9079251m","3","de:0d:17:32:1c:8d","Thai Health Product","-57","5200","40","5 GHz","[WPA2-PSK+FT/PSK-CCMP][RSN-PSK+FT/PSK-CCMP][K][V][R][ESS][WPS]","Unknown"
"dc47c3cd-340b-4a0a-8957-43ecc47e7861","akmtrip","a6c8ff88-1d70-4eec-addd-1c8c21f55ac7","2026-04-03 14:35:08","Lat: 13.740524109489288, Lng: 100.60978555810328, Accuracy: 3.9079251m","3","de:0d:17:32:1c:8c","Thai Health Product","-65","2432","5","2.4 GHz","[WPA2-PSK+FT/PSK-CCMP][RSN-PSK+FT/PSK-CCMP][K][V][R][ESS][WPS]","Unknown"
"dc47c3cd-340b-4a0a-8957-43ecc47e7861","akmtrip","a6c8ff88-1d70-4eec-addd-1c8c21f55ac7","2026-04-03 14:35:08","Lat: 13.740524109489288, Lng: 100.60978555810328, Accuracy: 3.9079251m","3","cc:05:77:d1:5c:50","THP_2.4G","-86","2412","1","2.4 GHz","[WPA2-PSK-CCMP+TKIP][RSN-PSK-CCMP+TKIP][K][V][WPA-PSK-CCMP+TKIP][K][V][ESS][WPS]","Unknown"
"dc47c3cd-340b-4a0a-8957-43ecc47e7861","akmtrip","e8b14418-1e67-4eb5-993c-64e5f5e8356d","2026-04-03 14:35:09","Lat: 13.740531784296882, Lng: 100.60978140255307, Accuracy: 4.037288m","3","de:0d:17:32:1c:8d","Thai Health Product","-57","5200","40","5 GHz","[WPA2-PSK+FT/PSK-CCMP][RSN-PSK+FT/PSK-CCMP][K][V][R][ESS][WPS]","Unknown"
"dc47c3cd-340b-4a0a-8957-43ecc47e7861","akmtrip","e8b14418-1e67-4eb5-993c-64e5f5e8356d","2026-04-03 14:35:09","Lat: 13.740531784296882, Lng: 100.60978140255307, Accuracy: 4.037288m","3","de:0d:17:32:1c:8c","Thai Health Product","-65","2432","5","2.4 GHz","[WPA2-PSK+FT/PSK-CCMP][RSN-PSK+FT/PSK-CCMP][K][V][R][ESS][WPS]","Unknown"
"dc47c3cd-340b-4a0a-8957-43ecc47e7861","akmtrip","e8b14418-1e67-4eb5-993c-64e5f5e8356d","2026-04-03 14:35:09","Lat: 13.740531784296882, Lng: 100.60978140255307, Accuracy: 4.037288m","3","cc:05:77:d1:5c:50","THP_2.4G","-86","2412","1","2.4 GHz","[WPA2-PSK-CCMP+TKIP][RSN-PSK-CCMP+TKIP][K][V][WPA-PSK-CCMP+TKIP][K][V][ESS][WPS]","Unknown"
"dc47c3cd-340b-4a0a-8957-43ecc47e7861","akmtrip","ed7e945c-dfca-4a61-bfdd-5d07d2d577c5","2026-04-03 14:35:10","Lat: 13.74053909133709, Lng: 100.6097772635984, Accuracy: 4.032631m","3","de:0d:17:32:1c:8d","Thai Health Product","-57","5200","40","5 GHz","[WPA2-PSK+FT/PSK-CCMP][RSN-PSK+FT/PSK-CCMP][K][V][R][ESS][WPS]","Unknown"
"dc47c3cd-340b-4a0a-8957-43ecc47e7861","akmtrip","ed7e945c-dfca-4a61-bfdd-5d07d2d577c5","2026-04-03 14:35:10","Lat: 13.74053909133709, Lng: 100.6097772635984, Accuracy: 4.032631m","3","de:0d:17:32:1c:8c","Thai Health Product","-65","2432","5","2.4 GHz","[WPA2-PSK+FT/PSK-CCMP][RSN-PSK+FT/PSK-CCMP][K][V][R][ESS][WPS]","Unknown"
"dc47c3cd-340b-4a0a-8957-43ecc47e7861","akmtrip","ed7e945c-dfca-4a61-bfdd-5d07d2d577c5","2026-04-03 14:35:10","Lat: 13.74053909133709, Lng: 100.6097772635984, Accuracy: 4.032631m","3","cc:05:77:d1:5c:50","THP_2.4G","-86","2412","1","2.4 GHz","[WPA2-PSK-CCMP+TKIP][RSN-PSK-CCMP+TKIP][K][V][WPA-PSK-CCMP+TKIP][K][V][ESS][WPS]","Unknown"
"dc47c3cd-340b-4a0a-8957-43ecc47e7861","akmtrip","edf761de-eb73-4bab-b9c7-70b64f89f8d0","2026-04-03 14:35:11","Lat: 13.740544697048046, Lng: 100.60977461764043, Accuracy: 4.134164m","3","de:0d:17:32:1c:8d","Thai Health Product","-57","5200","40","5 GHz","[WPA2-PSK+FT/PSK-CCMP][RSN-PSK+FT/PSK-CCMP][K][V][R][ESS][WPS]","Unknown"
"dc47c3cd-340b-4a0a-8957-43ecc47e7861","akmtrip","edf761de-eb73-4bab-b9c7-70b64f89f8d0","2026-04-03 14:35:11","Lat: 13.740544697048046, Lng: 100.60977461764043, Accuracy: 4.134164m","3","de:0d:17:32:1c:8c","Thai Health Product","-65","2432","5","2.4 GHz","[WPA2-PSK+FT/PSK-CCMP][RSN-PSK+FT/PSK-CCMP][K][V][R][ESS][WPS]","Unknown"
"dc47c3cd-340b-4a0a-8957-43ecc47e7861","akmtrip","edf761de-eb73-4bab-b9c7-70b64f89f8d0","2026-04-03 14:35:11","Lat: 13.740544697048046, Lng: 100.60977461764043, Accuracy: 4.134164m","3","cc:05:77:d1:5c:50","THP_2.4G","-86","2412","1","2.4 GHz","[WPA2-PSK-CCMP+TKIP][RSN-PSK-CCMP+TKIP][K][V][WPA-PSK-CCMP+TKIP][K][V][ESS][WPS]","Unknown"
